lower_seed_won,seed_diff,round,region,home_team,home_seed,home_gp,home_ppg,home_fgm,home_fga,home_fgp,home_3pm,home_3pa,home_3pp,home_ftm,home_fta,home_ftp,home_orb,home_drb,home_rpg,home_apg,home_spg,home_bpg,home_tov,home_pf,home_off,home_def,home_temp,home_luck,home_sched,home_oppo,home_oppd,away_team,away_seed,away_gp,away_ppg,away_fgm,away_fga,away_fgp,away_3pm,away_3pa,away_3pp,away_ftm,away_fta,away_ftp,away_orb,away_drb,away_rpg,away_apg,away_spg,away_bpg,away_tov,away_pf,away_off,away_def,away_temp,away_luck,away_sched,away_oppo,away_oppd,dif_off,dif_def,dif_temp,dif_luck,dif_sched,dif_oppo,dif_oppd,dif_ppg,dif_fgm,dif_fga,dif_fgp,dif_3pm,dif_3pa,dif_3pp,dif_ftm,dif_fta,dif_ftp,dif_orb,dif_drb,dif_rpg,dif_apg,dif_spg,dif_bpg,dif_tov,dif_pf
1,15,64,w,Gonzaga_Bulldogs,1,29,87.2,32.7,62.6,0.521,8.2,22.1,0.37,13.7,19.2,0.713,9.2,31.3,40.4,18.1,6.4,5.8,11.5,15.5,120.7,89.7,72.5,-0.039,4.24,104.6,100.3,Georgia State,16,29,70.7,24.9,62.3,0.4,7.6,23.1,0.33,13.2,18.4,0.72,12.8,23.7,36.5,13.5,8.8,4.5,11.7,16.1,101.5,99.9,67.3,0.062,-0.97,101.2,102.1,19.2,-10.2,5.2,-0.101,5.21,3.4,-1.8,16.5,7.8,0.3,0.121,0.6,-1,0.04,0.5,0.8,-0.007,-3.6,7.6,3.9,4.6,-2.4,1.3,-0.2,-0.6
0,1,64,w,Boise State,8,35,68.3,24.3,54.6,0.445,7.3,21.2,0.346,12.4,19.1,0.65,9.7,24,33.7,11.4,6,3.4,12.1,15,107.5,92.4,64.4,0.029,5.47,104.8,99.3,Memphis,9,31,75.2,26.9,57.4,0.469,6.2,17.5,0.355,15.1,21.7,0.694,11.7,25.2,36.9,15.8,8.4,5.5,15.9,18.8,111.2,94,69.9,-0.028,7.43,106.4,99,-3.7,-1.6,-5.5,0.057,-1.96,-1.6,0.3,-6.9,-2.6,-2.8,-0.024,1.1,3.7,-0.009,-2.7,-2.6,-0.044,-2,-1.2,-3.2,-4.4,-2.4,-2.1,-3.8,-3.8
0,7,64,w,Connecticut,5,33,74.8,26.7,61.2,0.435,7.4,21.1,0.352,14.1,18.7,0.753,12.9,25.8,38.7,14,5.9,6.4,11.8,16.8,113.8,95.3,64.8,-0.038,7.39,105.7,98.3,New Mexico State,12,32,72.5,25.6,56.3,0.454,7.9,23.9,0.33,13.5,19.2,0.702,10.6,26.6,37.1,13.8,5,4.1,14.1,15.9,107.1,96.5,66.1,0.085,1.21,102.5,101.3,6.7,-1.2,-1.3,-0.123,6.18,3.2,-3,2.3,1.1,4.9,-0.019,-0.5,-2.8,0.022,0.6,-0.5,0.051,2.3,-0.8,1.6,0.2,0.9,2.3,-2.3,0.9
1,9,64,w,Arkansas,4,33,75.9,26.3,60.6,0.434,6.3,20.7,0.304,17.1,22.5,0.76,10.3,26.3,36.6,13.8,7.6,4.1,12.2,16.9,109.9,90.4,70.7,0.038,9.08,107.5,98.4,Vermont,13,34,74.8,27.5,55.9,0.492,8.8,24,0.365,11,14.8,0.742,6.8,27,33.8,15.1,5.1,2.5,9.6,14,111.1,97.9,64.9,-0.028,-7,99,106,-1.2,-7.5,5.8,0.066,16.08,8.5,-7.6,1.1,-1.2,4.7,-0.058,-2.5,-3.3,-0.061,6.1,7.7,0.018,3.5,-0.7,2.8,-1.3,2.5,1.6,2.6,2.9
0,5,64,w,Alabama,6,33,79.5,27.6,62.8,0.44,9.2,29.9,0.309,15,20.6,0.728,12.5,25.5,38,14.7,7.1,4.7,14.5,18.5,115.2,98.6,71.9,-0.022,12.58,109.4,96.9,Notre Dame,11,33,72.6,26.1,56.4,0.463,9.1,23.8,0.381,11.3,15,0.753,6.5,26.1,32.7,14,5.2,1.9,10.4,12.7,112.4,97.2,65.6,0.017,7.81,107.1,99.3,2.8,1.4,6.3,-0.039,4.77,2.3,-2.4,6.9,1.5,6.4,-0.023,0.1,6.1,-0.072,3.7,5.6,-0.025,6,-0.6,5.3,0.7,1.9,2.8,4.1,5.8
1,11,64,w,Texas Tech,3,36,72.1,26.2,55.5,0.472,6.1,18.9,0.321,13.6,19.5,0.698,9.8,25,34.8,13.7,8,3.5,13.5,16.2,110.7,85,66.5,-0.031,10.98,107.8,96.8,Montana State,14,35,76.5,26.4,55.8,0.473,7.7,20.8,0.368,16.1,21.4,0.754,8.3,25.9,34.2,13.2,5.2,3.7,12.9,18.3,104.3,101.4,67.5,0.085,-6.02,101.6,107.6,6.4,-16.4,-1,-0.116,17,6.2,-10.8,-4.4,-0.2,-0.3,-0.001,-1.6,-1.9,-0.047,-2.5,-1.9,-0.056,1.5,-0.9,0.6,0.5,2.8,-0.2,0.6,-2.1
1,3,64,w,Michigan State,7,34,72.3,26.1,57.2,0.456,7.3,19.3,0.378,12.8,17.1,0.75,9.4,26,35.4,15.7,5.7,5,12.8,16.9,111.9,97.1,67.5,0.052,10.93,109.4,98.5,Davidson,10,34,75.5,26.7,55.5,0.481,8.9,22.9,0.387,13.2,17.6,0.754,7.1,26.3,33.3,14.6,4.6,2.6,9.8,14.8,116.8,101.9,64.7,-0.02,1.72,102.7,100.9,-4.9,-4.8,2.8,0.072,9.21,6.7,-2.4,-3.2,-0.6,1.7,-0.025,-1.6,-3.6,-0.009,-0.4,-0.5,-0.004,2.3,-0.3,2.1,1.1,1.1,2.4,3,2.1
1,13,64,w,Duke,2,34,80.1,29.7,60.4,0.491,7.9,21.6,0.366,12.8,17.3,0.738,9.9,26.8,36.7,16.5,6.4,5.6,10.3,13.6,121.1,95.9,67.3,-0.01,8.22,107.8,99.6,Cal State Fullerton,15,32,70,24.8,55.7,0.445,5.5,16.7,0.329,15,19.5,0.766,9.3,23,32.2,11.3,7.3,2,12.1,15.8,104.1,102.7,66.1,0.047,-2.99,100.5,103.5,17,-6.8,1.2,-0.057,11.21,7.3,-3.9,10.1,4.9,4.7,0.046,2.4,4.9,0.037,-2.2,-2.2,-0.028,0.6,3.8,4.5,5.2,-0.9,3.6,-1.8,-2.2
1,15,64,e,Baylor,1,32,77,28.3,61.3,0.462,8.1,23.5,0.343,12.4,17.8,0.697,12.3,23.8,36.1,15.9,8.8,3.4,12.4,16.1,118,91,67.4,0.004,10.96,107.4,96.5,Norfolk State,16,31,74.3,26.3,57,0.461,7,20.3,0.343,14.8,21.1,0.699,9.9,27.8,37.7,12.5,6.7,3.6,14,17.6,102.1,102.6,66.8,0.128,-10.02,95.5,105.5,15.9,-11.6,0.6,-0.124,20.98,11.9,-9,2.7,2,4.3,0.001,1.1,3.2,0,-2.4,-3.3,-0.002,2.4,-4,-1.6,3.4,2.1,-0.2,-1.6,-1.5
1,1,64,e,North Carolina,8,33,77.9,27.6,61.8,0.447,8.4,23.5,0.358,14.3,18.7,0.764,10.6,29.1,39.7,14.9,5.2,3.9,11.7,14.5,114.4,94.3,70.2,0.072,9.9,109,99.1,Marquette,9,32,74,26.9,59.8,0.45,8.6,25,0.344,11.6,15.7,0.741,7.1,26.3,33.5,16,7.8,5.2,12.3,17.4,109.2,96.2,70.9,0.021,9.5,107.3,97.8,5.2,-1.9,-0.7,0.051,0.4,1.7,1.3,3.9,0.7,2,-0.003,-0.2,-1.5,0.014,2.7,3,0.023,3.5,2.8,6.2,-1.1,-2.6,-1.3,-0.6,-2.9
1,7,64,e,Saint Mary's,5,32,69.7,26.1,56.3,0.464,7.2,20.5,0.353,10.2,13.5,0.758,7.9,24.4,32.2,13.5,6.9,2.5,11.2,15.6,110.1,90.6,63.6,0.039,6.89,106.8,99.9,Indiana,12,35,70.8,25.8,56.8,0.454,5.9,17.7,0.333,13.3,19,0.7,8.3,26.1,34.4,14.6,5.6,4.8,11.9,17.4,107,92.9,67.2,-0.02,8.51,108.1,99.6,3.1,-2.3,-3.6,0.059,-1.62,-1.3,0.3,-1.1,0.3,-0.5,0.01,1.3,2.8,0.02,-3.1,-5.5,0.058,-0.4,-1.7,-2.2,-1.1,1.3,-2.3,-0.7,-1.8
1,9,64,e,UCLA,4,32,75.4,27.6,61.4,0.45,6.8,19.2,0.353,13.4,18.1,0.741,10.6,24.6,35.3,13.9,7,3.3,8.9,15.8,115.9,91.7,65.2,-0.029,8.5,107.2,98.7,Akron,13,34,70.6,24.3,52.9,0.46,7.8,22,0.354,14.2,20.6,0.689,9.4,24.6,33.9,11.6,5.9,3.2,11.4,15.8,105.6,102,62.1,0.013,-5.13,100.7,105.8,10.3,-10.3,3.1,-0.042,13.63,6.5,-7.1,4.8,3.3,8.5,-0.01,-1,-2.8,-0.001,-0.8,-2.5,0.052,1.2,0,1.4,2.3,1.1,0.1,-2.5,0
1,5,64,e,Texas,6,32,68.8,24.5,55.5,0.441,6.6,20,0.33,13.2,17.7,0.746,9.8,22.4,32.2,13.2,7.7,3.4,11.5,17.9,112.5,91.6,63.8,-0.043,10.68,107.7,97,Virginia Tech,11,36,70.8,25.9,55,0.471,8.9,22.6,0.392,10.1,13.5,0.751,7.9,23.2,31.1,14.3,5.3,3.2,10.9,14.9,115,96.1,63.3,-0.062,7.88,107.4,99.5,-2.5,-4.5,0.5,0.019,2.8,0.3,-2.5,-2,-1.4,0.5,-0.03,-2.3,-2.6,-0.062,3.1,4.2,-0.005,1.9,-0.8,1.1,-1.1,2.4,0.2,0.6,3
1,11,64,e,Purdue,3,34,79.4,27.7,56.6,0.49,8.5,22.2,0.384,15.4,21.6,0.711,10.5,26.8,37.3,16.2,4.6,3.5,11.8,14.5,121,98.6,66.1,0.022,8.81,108,99.2,Yale,14,31,71.8,25.6,58.1,0.442,6.8,20.9,0.328,13.7,18.6,0.735,8.5,26.5,34.9,12,6.2,3.2,12.9,17.5,100.7,98.8,68.8,0.063,-1.48,103.3,104.8,20.3,-0.2,-2.7,-0.041,10.29,4.7,-5.6,7.6,2.1,-1.5,0.048,1.7,1.3,0.056,1.7,3,-0.024,2,0.3,2.4,4.2,-1.6,0.3,-1.1,-3
1,3,64,e,Murray State,7,32,79.1,28.8,60.5,0.476,8,22.8,0.351,13.6,19.6,0.692,11.7,26.1,37.8,14.7,7.8,3.2,11.4,15.4,111.5,96.1,66.1,0.074,-3.09,101.1,104.2,San Francisco,10,34,77.4,27.8,60.7,0.457,9.6,27.5,0.35,12.2,17.6,0.694,10.1,26.6,36.7,13,7.7,4.6,12.7,18.1,110.5,93.1,68.9,-0.042,5.18,105.5,100.3,1,3,-2.8,0.116,-8.27,-4.4,3.9,1.7,1,-0.2,0.019,-1.6,-4.7,0.001,1.4,2,-0.002,1.6,-0.5,1.1,1.7,0.1,-1.4,-1.3,-2.7
0,13,64,e,Kentucky,2,34,79.4,30.3,62.8,0.483,6.1,17.6,0.347,12.8,17.6,0.726,12.2,26.3,38.6,16.2,6.8,4.2,11.6,14.3,120,94.3,67.5,-0.043,8.88,106.5,97.6,Saint Peter's,15,33,67,23.4,54.9,0.427,5.8,16.6,0.35,14.3,20.4,0.701,9.8,24.8,34.5,12.3,7.1,5,13.4,19.7,100.3,93,65.9,0.018,0.25,103.1,102.8,19.7,1.3,1.6,-0.061,8.63,3.4,-5.2,12.4,6.9,7.9,0.056,0.3,1,-0.003,-1.5,-2.8,0.025,2.4,1.5,4.1,3.9,-0.3,-0.8,-1.8,-5.4
1,15,64,s,Arizona,1,34,84,30.2,61.3,0.492,7.8,22,0.352,15.8,21.4,0.739,11.2,29,40.2,19.6,6.7,5.7,13.4,16.7,118.6,92.6,72.2,0.048,6.45,105.9,99.5,Wright State,16,36,75.8,27.4,59.4,0.461,6.5,19.4,0.333,14.5,18.9,0.768,9.7,23.8,33.4,14.1,5.9,3,12.2,14.5,106.3,106.6,68.9,0.003,-6.76,100.2,107,12.3,-14,3.3,0.045,13.21,5.7,-7.5,8.2,2.8,1.9,0.031,1.3,2.6,0.019,1.3,2.5,-0.029,1.5,5.2,6.8,5.5,0.8,2.7,1.2,2.2
0,1,64,s,Seton Hall,8,32,71.9,25.3,60.2,0.42,7.3,21.6,0.338,14.1,18.8,0.753,11.5,26,37.4,10.3,7.1,5.4,12.1,15.6,107.1,93.5,67.3,0.033,8.91,107.5,98.6,TCU,9,32,68.5,25.4,57.7,0.439,5.5,18.3,0.302,12.2,18.1,0.674,12.4,25.5,37.9,13.6,6.4,4.1,14.5,15.5,108.7,91.7,65.9,0.014,11.74,108,96.2,-1.6,1.8,1.4,0.019,-2.83,-0.5,2.4,3.4,-0.1,2.5,-0.019,1.8,3.3,0.036,1.9,0.7,0.079,-0.9,0.5,-0.5,-3.3,0.7,1.3,-2.4,0.1
1,7,64,s,Houston,5,34,74.8,27.7,59.7,0.465,7.8,23.2,0.338,11.5,17.3,0.667,12.7,24.8,37.5,16.2,8,5.2,11.2,17.2,116.8,89.1,63.6,-0.012,5.89,105.5,99.6,UAB,12,35,80.3,29.6,63.2,0.468,7.9,20.9,0.377,13.3,18,0.739,11.4,25.5,37,13,9.6,4.1,11.5,16.5,112.4,98.8,68.9,-0.035,-0.77,102,102.8,4.4,-9.7,-5.3,0.023,6.66,3.5,-3.2,-5.5,-1.9,-3.5,-0.003,-0.1,2.3,-0.039,-1.8,-0.7,-0.072,1.3,-0.7,0.5,3.2,-1.6,1.1,-0.3,0.7
1,9,64,s,Illinois,4,31,74.4,26.2,58.3,0.448,8.9,24.9,0.359,13.2,18.7,0.706,10.9,26.3,37.2,15.2,5.2,3,12.3,16.3,112,93.3,67.2,0.033,10.44,109,98.6,Chattanooga,13,35,74.2,27.3,58.8,0.464,7.9,22.9,0.345,11.7,15.6,0.746,9.8,24.6,34.4,12.8,7.2,2.1,10.9,15.6,109,97.5,64.7,0.007,0.46,105.1,104.7,3,-4.2,2.5,0.026,9.98,3.9,-6.1,0.2,-1.1,-0.5,-0.016,1,2,0.014,1.5,3.1,-0.04,1.1,1.7,2.8,2.4,-2,0.9,1.4,0.7
0,5,64,s,Colorado State,6,31,73.4,26.5,55.2,0.48,7.8,21.8,0.357,12.6,16.4,0.773,6.5,24.5,31.1,14.3,6.4,3.1,10.1,15.1,112.9,98.4,65.4,0.121,5.02,104.9,99.9,Michigan,11,31,72.6,26.9,57.6,0.467,6.3,18.5,0.339,12.6,16.9,0.746,9.4,25.2,34.6,14.1,4.7,3.3,11.6,15.2,113.9,97.2,66.7,-0.019,12.15,109.8,97.7,-1,1.2,-1.3,0.14,-7.13,-4.9,2.2,0.8,-0.4,-2.4,0.013,1.5,3.3,0.018,0,-0.5,0.027,-2.9,-0.7,-3.5,0.2,1.7,-0.2,-1.5,-0.1
1,11,64,s,Tennessee,3,33,73.5,26.1,60.2,0.434,8.7,24.2,0.36,12.5,17.4,0.715,11.2,24.9,36.1,16.5,9.3,4.3,12.3,16.9,111.5,86.4,67.4,0.029,11.39,108.5,97.1,Longwood,14,33,75.7,26.5,58.5,0.452,8.2,21.6,0.378,14.7,20.2,0.726,11.3,24.1,35.4,14.1,7.8,2.4,12.1,15.4,105.9,103.7,66.1,0.115,-7.31,98.7,106,5.6,-17.3,1.3,-0.086,18.7,9.8,-8.9,-2.2,-0.4,1.7,-0.018,0.5,2.6,-0.018,-2.2,-2.8,-0.011,-0.1,0.8,0.7,2.4,1.5,1.9,0.2,1.5
1,3,64,s,Ohio State,7,30,72.8,25.6,54.4,0.471,7.8,21.5,0.365,13.8,18.2,0.757,8.4,24.9,33.3,12.5,4.5,4.7,11.2,16.4,115.5,99.3,65,-0.017,9.83,108.3,98.4,Loyola Chicago,10,33,72.8,25.9,54.4,0.476,8.9,23.4,0.379,12.1,17,0.712,7.4,25.3,32.7,14.9,6.9,2.4,12.2,17.2,108.6,92.1,64.7,0.012,3.12,104.7,101.6,6.9,7.2,0.3,-0.029,6.71,3.6,-3.2,0,-0.3,0,-0.005,-1.1,-1.9,-0.014,1.7,1.2,0.045,1,-0.4,0.6,-2.4,-2.4,2.3,-1,-0.8
1,13,64,s,Villanova,2,33,71.7,24.3,56.1,0.432,9.3,26,0.359,13.9,16.7,0.83,9.8,23.9,33.7,11.9,6,2.2,9.9,14.9,117.5,92.9,62.3,0.06,11.46,109.1,97.6,Delaware,15,35,73.4,26,55.4,0.469,7.5,21.5,0.347,14,18.8,0.744,8.2,23.2,31.4,12.6,6.7,3.7,12.6,15.6,107,104.3,66.7,0.038,-1.57,102.3,103.8,10.5,-11.4,-4.4,0.022,13.03,6.8,-6.2,-1.7,-1.7,0.7,-0.037,1.8,4.5,0.012,-0.1,-2.1,0.086,1.6,0.7,2.3,-0.7,-0.7,-1.5,-2.7,-0.7
1,15,64,mw,Kansas,1,34,78.2,28.6,59.8,0.478,7.2,19.8,0.361,13.9,19.4,0.717,10.4,26.4,36.7,15.3,6.3,4.3,12.1,15.9,119.2,91.7,69.3,0.041,12.6,108,95.4,Texas Southern,16,32,69,25.1,57.9,0.433,5.6,17.9,0.314,13.2,19.5,0.679,11.2,26.6,37.8,10.7,5.6,5.2,14.8,17.7,97.6,98.9,68.2,0.022,-6.25,98.7,105,21.6,-7.2,1.1,0.019,18.85,9.3,-9.6,9.2,3.5,1.9,0.045,1.6,1.9,0.047,0.7,-0.1,0.038,-0.8,-0.2,-1.1,4.6,0.7,-0.9,-2.7,-1.8
0,1,64,mw,San Diego State,8,32,65.4,23.8,55,0.432,6,16.9,0.354,11.8,17.1,0.692,9.5,24.7,34.3,11.9,7.5,4.8,12.8,17.5,103.4,86.3,65.4,-0.003,5.95,105.5,99.6,Creighton,9,33,69.2,25.6,57.2,0.448,6.7,21.8,0.308,11.3,15.3,0.738,8.9,27.9,36.8,13.3,5.5,4.3,14.1,13.6,105.9,92.2,67.2,0.086,9.11,107.5,98.4,-2.5,-5.9,-1.8,-0.089,-3.16,-2,1.2,-3.8,-1.8,-2.2,-0.016,-0.7,-4.9,0.046,0.5,1.8,-0.046,0.6,-3.2,-2.5,-1.4,2,0.5,-1.3,3.9
0,7,64,mw,Iowa,5,36,83.2,29.8,64.5,0.461,9.2,25.3,0.363,14.5,19.4,0.749,11.2,24.5,35.7,16,7.3,4.3,9.2,16.2,120.5,97.8,69.7,-0.061,7.31,107.1,99.8,Richmond,12,35,71,25.2,57.1,0.442,7.8,23.8,0.329,12.7,17.7,0.718,6.9,24.2,31.1,14.5,7.6,2.4,9.8,13.9,108.1,98.7,66.8,0.061,5.07,105.5,100.5,12.4,-0.9,2.9,-0.122,2.24,1.6,-0.7,12.2,4.6,7.4,0.019,1.4,1.5,0.034,1.8,1.7,0.031,4.3,0.3,4.6,1.5,-0.3,1.9,-0.6,2.3
1,9,64,mw,Providence,4,30,71.5,24.5,56.3,0.435,7.4,21.4,0.344,15.2,20.8,0.728,10.6,26.2,36.8,13.2,5,3.7,11.4,16,111.5,95.6,65.2,0.164,7.74,106.7,99,South Dakota State,13,35,85.9,30.8,59.1,0.521,9.3,20.9,0.445,14.9,19.7,0.758,7.1,27.3,34.4,15.1,6.1,2.5,11,15.3,104.4,107.5,65.7,0.058,-6.18,102.6,108.8,7.1,-11.9,-0.5,0.106,13.92,4.1,-9.8,-14.4,-6.3,-2.8,-0.086,-1.9,0.5,-0.101,0.3,1.1,-0.03,3.5,-1.1,2.4,-1.9,-1.1,1.2,0.4,0.7
0,5,64,mw,LSU,6,34,72.6,25.9,59,0.438,6.5,20.5,0.316,14.4,19.7,0.731,11.7,24.5,36.2,12.7,11,4.3,14.7,19.1,107.3,88.7,68.6,-0.052,9.1,107.2,98.1,Iowa State,11,32,65.6,24.3,56.3,0.431,6.7,21.2,0.315,10.4,15.2,0.683,9.1,22,31.1,14.7,8.5,3.1,13.9,18.3,103.1,88.5,66.3,0.049,11.25,108.1,96.9,4.2,0.2,2.3,-0.101,-2.15,-0.9,1.2,7,1.6,2.7,0.007,-0.2,-0.7,0.001,4,4.5,0.048,2.6,2.5,5.1,-2,2.5,1.2,0.8,0.8
1,11,64,mw,Wisconsin,3,31,69.9,24.7,58.5,0.422,6.5,21.1,0.306,14.1,19,0.743,8.7,25,33.7,11.1,5.3,2.9,8.7,16.8,109.3,94,66.5,0.105,9.77,108.4,98.6,Colgate,14,35,75.6,27.5,58.1,0.474,9.9,24.5,0.404,10.6,15.2,0.697,8.4,26.6,35,17.1,6.1,3.6,11.3,14.5,108.2,103.8,67.2,-0.076,-7.4,99.3,106.7,1.1,-9.8,-0.7,0.181,17.17,9.1,-8.1,-5.7,-2.8,0.4,-0.052,-3.4,-3.4,-0.098,3.5,3.8,0.046,0.3,-1.6,-1.3,-6,-0.8,-0.7,-2.6,2.3
0,3,64,mw,USC,7,34,72.4,26.8,58.9,0.455,6.8,18.9,0.357,12.1,18.2,0.664,11,28,39,14.3,5,4.4,12.2,15.6,109.8,95.6,66.2,0.06,5.14,104.8,99.7,Miami (FL),10,33,73.9,27.3,57.7,0.473,6.9,20.5,0.339,12.4,16.6,0.742,6.8,22.5,29.4,14.1,8.9,3.2,9.5,14.9,113.9,99.1,67.7,0.088,8.63,107.5,98.8,-4.1,-3.5,-1.5,-0.028,-3.49,-2.7,0.9,-1.5,-0.5,1.2,-0.018,-0.1,-1.6,0.018,-0.3,1.6,-0.078,4.2,5.5,9.6,0.2,-3.9,1.2,2.7,0.7
1,13,64,mw,Auburn,2,32,78.2,27.7,63.7,0.435,8.1,25.4,0.318,14.7,20.1,0.731,12.2,27.1,39.3,14.7,8.4,8,12.1,18.5,112.7,89.5,70.1,-0.021,8.35,106.9,98.6,Jacksonville State,15,32,73.5,26.2,56.1,0.467,9.3,24,0.386,11.9,17.3,0.686,9.3,26.3,35.5,14.3,6.2,2.9,13.1,14.3,105.1,103.2,65.1,-0.005,-4.68,100.6,105.3,7.6,-13.7,5,-0.016,13.03,6.3,-6.7,4.7,1.5,7.6,-0.032,-1.2,1.4,-0.068,2.8,2.8,0.045,2.9,0.8,3.8,0.4,2.2,5.1,-1,4.2
1,8,32,w,Gonzaga_Bulldogs,1,32,87.2,32.7,62.6,0.521,8.2,22.1,0.37,13.7,19.2,0.713,9.2,31.3,40.4,18.1,6.4,5.8,11.5,15.5,120.7,89.7,72.5,-0.039,4.24,104.6,100.3,Memphis,9,33,75.2,26.9,57.4,0.469,6.2,17.5,0.355,15.1,21.7,0.694,11.7,25.2,36.9,15.8,8.4,5.5,15.9,18.8,111.2,94,69.9,-0.028,7.43,106.4,99,9.5,-4.3,2.6,-0.011,-3.19,-1.8,1.3,12,5.8,5.2,0.052,2,4.6,0.015,-1.4,-2.5,0.019,-2.5,6.1,3.5,2.3,-2,0.3,-4.4,-3.3
1,8,32,w,Arkansas,4,37,75.9,26.3,60.6,0.434,6.3,20.7,0.304,17.1,22.5,0.76,10.3,26.3,36.6,13.8,7.6,4.1,12.2,16.9,109.9,90.4,70.7,0.038,9.08,107.5,98.4,New Mexico State,12,34,72.5,25.6,56.3,0.454,7.9,23.9,0.33,13.5,19.2,0.702,10.6,26.6,37.1,13.8,5,4.1,14.1,15.9,107.1,96.5,66.1,0.085,1.21,102.5,101.3,2.8,-6.1,4.6,-0.047,7.87,5,-2.9,3.4,0.7,4.3,-0.02,-1.6,-3.2,-0.026,3.6,3.3,0.058,-0.3,-0.3,-0.5,0,2.6,0,-1.9,1
1,8,32,w,Texas Tech,3,37,72.1,26.2,55.5,0.472,6.1,18.9,0.321,13.6,19.5,0.698,9.8,25,34.8,13.7,8,3.5,13.5,16.2,110.7,85,66.5,-0.031,10.98,107.8,96.8,Notre Dame,11,35,72.6,26.1,56.4,0.463,9.1,23.8,0.381,11.3,15,0.753,6.5,26.1,32.7,14,5.2,1.9,10.4,12.7,112.4,97.2,65.6,0.017,7.81,107.1,99.3,-1.7,-12.2,0.9,-0.048,3.17,0.7,-2.5,-0.5,0.1,-0.9,0.009,-3,-4.9,-0.06,2.3,4.5,-0.055,3.3,-1.1,2.1,-0.3,2.8,1.6,3.1,3.5
1,5,32,w,Duke,2,39,80.1,29.7,60.4,0.491,7.9,21.6,0.366,12.8,17.3,0.738,9.9,26.8,36.7,16.5,6.4,5.6,10.3,13.6,121.1,95.9,67.3,-0.01,8.22,107.8,99.6,Michigan State,7,36,72.3,26.1,57.2,0.456,7.3,19.3,0.378,12.8,17.1,0.75,9.4,26,35.4,15.7,5.7,5,12.8,16.9,111.9,97.1,67.5,0.052,10.93,109.4,98.5,9.2,-1.2,-0.2,-0.062,-2.71,-1.6,1.1,7.8,3.6,3.2,0.035,0.6,2.3,-0.012,0,0.2,-0.012,0.5,0.8,1.3,0.8,0.7,0.6,-2.5,-3.3
0,7,32,e,Baylor,1,34,77,28.3,61.3,0.462,8.1,23.5,0.343,12.4,17.8,0.697,12.3,23.8,36.1,15.9,8.8,3.4,12.4,16.1,118,91,67.4,0.004,10.96,107.4,96.5,North Carolina,8,39,77.9,27.6,61.8,0.447,8.4,23.5,0.358,14.3,18.7,0.764,10.6,29.1,39.7,14.9,5.2,3.9,11.7,14.5,114.4,94.3,70.2,0.072,9.9,109,99.1,3.6,-3.3,-2.8,-0.068,1.06,-1.6,-2.6,-0.9,0.7,-0.5,0.015,-0.3,0,-0.015,-1.9,-0.9,-0.067,1.7,-5.3,-3.6,1,3.6,-0.5,0.7,1.6
1,1,32,e,UCLA,4,35,75.4,27.6,61.4,0.45,6.8,19.2,0.353,13.4,18.1,0.741,10.6,24.6,35.3,13.9,7,3.3,8.9,15.8,115.9,91.7,65.2,-0.029,8.5,107.2,98.7,Saint Mary's,5,34,69.7,26.1,56.3,0.464,7.2,20.5,0.353,10.2,13.5,0.758,7.9,24.4,32.2,13.5,6.9,2.5,11.2,15.6,110.1,90.6,63.6,0.039,6.89,106.8,99.9,5.8,1.1,1.6,-0.068,1.61,0.4,-1.2,5.7,1.5,5.1,-0.014,-0.4,-1.3,0,3.2,4.6,-0.017,2.7,0.2,3.1,0.4,0.1,0.8,-2.3,0.2
1,3,32,e,Purdue,3,37,79.4,27.7,56.6,0.49,8.5,22.2,0.384,15.4,21.6,0.711,10.5,26.8,37.3,16.2,4.6,3.5,11.8,14.5,121,98.6,66.1,0.022,8.81,108,99.2,Texas,6,34,68.8,24.5,55.5,0.441,6.6,20,0.33,13.2,17.7,0.746,9.8,22.4,32.2,13.2,7.7,3.4,11.5,17.9,112.5,91.6,63.8,-0.043,10.68,107.7,97,8.5,7,2.3,0.065,-1.87,0.3,2.2,10.6,3.2,1.1,0.049,1.9,2.2,0.054,2.2,3.9,-0.035,0.7,4.4,5.1,3,-3.1,0.1,0.3,-3.4
0,8,32,e,Murray State,7,34,79.1,28.8,60.5,0.476,8,22.8,0.351,13.6,19.6,0.692,11.7,26.1,37.8,14.7,7.8,3.2,11.4,15.4,111.5,96.1,66.1,0.074,-3.09,101.1,104.2,Saint Peter's,15,34,67,23.4,54.9,0.427,5.8,16.6,0.35,14.3,20.4,0.701,9.8,24.8,34.5,12.3,7.1,5,13.4,19.7,100.3,93,65.9,0.018,0.25,103.1,102.8,11.2,3.1,0.2,0.056,-3.34,-2,1.4,12.1,5.4,5.6,0.049,2.2,6.2,0.001,-0.7,-0.8,-0.009,1.9,1.3,3.3,2.4,0.7,-1.8,-2,-4.3
1,8,32,s,Arizona,1,37,84,30.2,61.3,0.492,7.8,22,0.352,15.8,21.4,0.739,11.2,29,40.2,19.6,6.7,5.7,13.4,16.7,118.6,92.6,72.2,0.048,6.45,105.9,99.5,TCU,9,34,68.5,25.4,57.7,0.439,5.5,18.3,0.302,12.2,18.1,0.674,12.4,25.5,37.9,13.6,6.4,4.1,14.5,15.5,108.7,91.7,65.9,0.014,11.74,108,96.2,9.9,0.9,6.3,0.034,-5.29,-2.1,3.3,15.5,4.8,3.6,0.053,2.3,3.7,0.05,3.6,3.3,0.065,-1.2,3.5,2.3,6,0.3,1.6,-1.1,1.2
0,1,32,s,Illinois,4,33,74.4,26.2,58.3,0.448,8.9,24.9,0.359,13.2,18.7,0.706,10.9,26.3,37.2,15.2,5.2,3,12.3,16.3,112,93.3,67.2,0.033,10.44,109,98.6,Houston,5,38,74.8,27.7,59.7,0.465,7.8,23.2,0.338,11.5,17.3,0.667,12.7,24.8,37.5,16.2,8,5.2,11.2,17.2,116.8,89.1,63.6,-0.012,5.89,105.5,99.6,-4.8,4.2,3.6,0.045,4.55,3.5,-1,-0.4,-1.5,-1.4,-0.017,1.1,1.7,0.021,1.7,1.4,0.039,-1.8,1.5,-0.3,-1,-2.8,-2.2,1.1,-0.9
0,8,32,s,Tennessee,3,35,73.5,26.1,60.2,0.434,8.7,24.2,0.36,12.5,17.4,0.715,11.2,24.9,36.1,16.5,9.3,4.3,12.3,16.9,111.5,86.4,67.4,0.029,11.39,108.5,97.1,Michigan,11,34,72.6,26.9,57.6,0.467,6.3,18.5,0.339,12.6,16.9,0.746,9.4,25.2,34.6,14.1,4.7,3.3,11.6,15.2,113.9,97.2,66.7,-0.019,12.15,109.8,97.7,-2.4,-10.8,0.7,0.048,-0.76,-1.3,-0.6,0.9,-0.8,2.6,-0.033,2.4,5.7,0.021,-0.1,0.5,-0.031,1.8,-0.3,1.5,2.4,4.6,1,0.7,1.7
1,5,32,s,Villanova,2,38,71.7,24.3,56.1,0.432,9.3,26,0.359,13.9,16.7,0.83,9.8,23.9,33.7,11.9,6,2.2,9.9,14.9,117.5,92.9,62.3,0.06,11.46,109.1,97.6,Ohio State,7,32,72.8,25.6,54.4,0.471,7.8,21.5,0.365,13.8,18.2,0.757,8.4,24.9,33.3,12.5,4.5,4.7,11.2,16.4,115.5,99.3,65,-0.017,9.83,108.3,98.4,2,-6.4,-2.7,0.077,1.63,0.8,-0.8,-1.1,-1.3,1.7,-0.039,1.5,4.5,-0.006,0.1,-1.5,0.073,1.4,-1,0.4,-0.6,1.5,-2.5,-1.3,-1.5
1,8,32,mw,Kansas,1,40,78.2,28.6,59.8,0.478,7.2,19.8,0.361,13.9,19.4,0.717,10.4,26.4,36.7,15.3,6.3,4.3,12.1,15.9,119.2,91.7,69.3,0.041,12.6,108,95.4,Creighton,9,35,69.2,25.6,57.2,0.448,6.7,21.8,0.308,11.3,15.3,0.738,8.9,27.9,36.8,13.3,5.5,4.3,14.1,13.6,105.9,92.2,67.2,0.086,9.11,107.5,98.4,13.3,-0.5,2.1,-0.045,3.49,0.5,-3,9,3,2.6,0.03,0.5,-2,0.053,2.6,4.1,-0.021,1.5,-1.5,-0.1,2,0.8,0,-2,2.3
1,8,32,mw,Providence,4,33,71.5,24.5,56.3,0.435,7.4,21.4,0.344,15.2,20.8,0.728,10.6,26.2,36.8,13.2,5,3.7,11.4,16,111.5,95.6,65.2,0.164,7.74,106.7,99,Richmond,12,37,71,25.2,57.1,0.442,7.8,23.8,0.329,12.7,17.7,0.718,6.9,24.2,31.1,14.5,7.6,2.4,9.8,13.9,108.1,98.7,66.8,0.061,5.07,105.5,100.5,3.4,-3.1,-1.6,0.103,2.67,1.2,-1.5,0.5,-0.7,-0.8,-0.007,-0.4,-2.4,0.015,2.5,3.1,0.01,3.7,2,5.7,-1.3,-2.6,1.3,1.6,2.1
0,8,32,mw,Wisconsin,3,33,69.9,24.7,58.5,0.422,6.5,21.1,0.306,14.1,19,0.743,8.7,25,33.7,11.1,5.3,2.9,8.7,16.8,109.3,94,66.5,0.105,9.77,108.4,98.6,Iowa State,11,35,65.6,24.3,56.3,0.431,6.7,21.2,0.315,10.4,15.2,0.683,9.1,22,31.1,14.7,8.5,3.1,13.9,18.3,103.1,88.5,66.3,0.049,11.25,108.1,96.9,6.2,5.5,0.2,0.056,-1.48,0.3,1.7,4.3,0.4,2.2,-0.009,-0.2,-0.1,-0.009,3.7,3.8,0.06,-0.4,3,2.6,-3.6,-3.2,-0.2,-5.2,-1.5
0,8,32,mw,Auburn,2,34,78.2,27.7,63.7,0.435,8.1,25.4,0.318,14.7,20.1,0.731,12.2,27.1,39.3,14.7,8.4,8,12.1,18.5,112.7,89.5,70.1,-0.021,8.35,106.9,98.6,Miami (FL),10,37,73.9,27.3,57.7,0.473,6.9,20.5,0.339,12.4,16.6,0.742,6.8,22.5,29.4,14.1,8.9,3.2,9.5,14.9,113.9,99.1,67.7,0.088,8.63,107.5,98.8,-1.2,-9.6,2.4,-0.109,-0.28,-0.6,-0.2,4.3,0.4,6,-0.038,1.2,4.9,-0.021,2.3,3.5,-0.011,5.4,4.6,9.9,0.6,-0.5,4.8,2.6,3.6
0,3,16,w,Gonzaga_Bulldogs,1,32,87.2,32.7,62.6,0.521,8.2,22.1,0.37,13.7,19.2,0.713,9.2,31.3,40.4,18.1,6.4,5.8,11.5,15.5,120.7,89.7,72.5,-0.039,4.24,104.6,100.3,Arkansas,4,37,75.9,26.3,60.6,0.434,6.3,20.7,0.304,17.1,22.5,0.76,10.3,26.3,36.6,13.8,7.6,4.1,12.2,16.9,109.9,90.4,70.7,0.038,9.08,107.5,98.4,10.8,-0.7,1.8,-0.077,-4.84,-2.9,1.9,11.3,6.4,2,0.087,1.9,1.4,0.066,-3.4,-3.3,-0.047,-1.1,5,3.8,4.3,-1.2,1.7,-0.7,-1.4
1,1,16,w,Duke,2,39,80.1,29.7,60.4,0.491,7.9,21.6,0.366,12.8,17.3,0.738,9.9,26.8,36.7,16.5,6.4,5.6,10.3,13.6,121.1,95.9,67.3,-0.01,8.22,107.8,99.6,Texas Tech,3,37,72.1,26.2,55.5,0.472,6.1,18.9,0.321,13.6,19.5,0.698,9.8,25,34.8,13.7,8,3.5,13.5,16.2,110.7,85,66.5,-0.031,10.98,107.8,96.8,10.4,10.9,0.8,0.021,-2.76,0,2.8,8,3.5,4.9,0.019,1.8,2.7,0.045,-0.8,-2.2,0.04,0.1,1.8,1.9,2.8,-1.6,2.1,-3.2,-2.6
0,4,16,e,UCLA,4,35,75.4,27.6,61.4,0.45,6.8,19.2,0.353,13.4,18.1,0.741,10.6,24.6,35.3,13.9,7,3.3,8.9,15.8,115.9,91.7,65.2,-0.029,8.5,107.2,98.7,North Carolina,8,39,77.9,27.6,61.8,0.447,8.4,23.5,0.358,14.3,18.7,0.764,10.6,29.1,39.7,14.9,5.2,3.9,11.7,14.5,114.4,94.3,70.2,0.072,9.9,109,99.1,1.5,-2.6,-5,-0.101,-1.4,-1.8,-0.4,-2.5,0,-0.4,0.003,-1.6,-4.3,-0.005,-0.9,-0.6,-0.023,0,-4.5,-4.4,-1,1.8,-0.6,-2.8,1.3
0,12,16,e,Purdue,3,37,79.4,27.7,56.6,0.49,8.5,22.2,0.384,15.4,21.6,0.711,10.5,26.8,37.3,16.2,4.6,3.5,11.8,14.5,121,98.6,66.1,0.022,8.81,108,99.2,Saint Peter's,15,34,67,23.4,54.9,0.427,5.8,16.6,0.35,14.3,20.4,0.701,9.8,24.8,34.5,12.3,7.1,5,13.4,19.7,100.3,93,65.9,0.018,0.25,103.1,102.8,20.7,5.6,0.2,0.004,8.56,4.9,-3.6,12.4,4.3,1.7,0.063,2.7,5.6,0.034,1.1,1.2,0.01,0.7,2,2.8,3.9,-2.5,-1.5,-1.6,-5.2
0,4,16,s,Arizona,1,37,84,30.2,61.3,0.492,7.8,22,0.352,15.8,21.4,0.739,11.2,29,40.2,19.6,6.7,5.7,13.4,16.7,118.6,92.6,72.2,0.048,6.45,105.9,99.5,Houston,5,38,74.8,27.7,59.7,0.465,7.8,23.2,0.338,11.5,17.3,0.667,12.7,24.8,37.5,16.2,8,5.2,11.2,17.2,116.8,89.1,63.6,-0.012,5.89,105.5,99.6,1.8,3.5,8.6,0.06,0.56,0.4,-0.1,9.2,2.5,1.6,0.027,0,-1.2,0.014,4.3,4.1,0.072,-1.5,4.2,2.7,3.4,-1.3,0.5,2.2,-0.5
1,9,16,s,Villanova,2,38,71.7,24.3,56.1,0.432,9.3,26,0.359,13.9,16.7,0.83,9.8,23.9,33.7,11.9,6,2.2,9.9,14.9,117.5,92.9,62.3,0.06,11.46,109.1,97.6,Michigan,11,34,72.6,26.9,57.6,0.467,6.3,18.5,0.339,12.6,16.9,0.746,9.4,25.2,34.6,14.1,4.7,3.3,11.6,15.2,113.9,97.2,66.7,-0.019,12.15,109.8,97.7,3.6,-4.3,-4.4,0.079,-0.69,-0.7,-0.1,-0.9,-2.6,-1.5,-0.035,3,7.5,0.02,1.3,-0.2,0.084,0.4,-1.3,-0.9,-2.2,1.3,-1.1,-1.7,-0.3
1,3,16,mw,Kansas,1,40,78.2,28.6,59.8,0.478,7.2,19.8,0.361,13.9,19.4,0.717,10.4,26.4,36.7,15.3,6.3,4.3,12.1,15.9,119.2,91.7,69.3,0.041,12.6,108,95.4,Providence,4,33,71.5,24.5,56.3,0.435,7.4,21.4,0.344,15.2,20.8,0.728,10.6,26.2,36.8,13.2,5,3.7,11.4,16,111.5,95.6,65.2,0.164,7.74,106.7,99,7.7,-3.9,4.1,-0.123,4.86,1.3,-3.6,6.7,4.1,3.5,0.043,-0.2,-1.6,0.017,-1.3,-1.4,-0.011,-0.2,0.2,-0.1,2.1,1.3,0.6,0.7,-0.1
1,1,16,mw,Miami (FL),10,37,73.9,27.3,57.7,0.473,6.9,20.5,0.339,12.4,16.6,0.742,6.8,22.5,29.4,14.1,8.9,3.2,9.5,14.9,113.9,99.1,67.7,0.088,8.63,107.5,98.8,Iowa State,11,35,65.6,24.3,56.3,0.431,6.7,21.2,0.315,10.4,15.2,0.683,9.1,22,31.1,14.7,8.5,3.1,13.9,18.3,103.1,88.5,66.3,0.049,11.25,108.1,96.9,10.8,10.6,1.4,0.039,-2.62,-0.6,1.9,8.3,3,1.4,0.042,0.2,-0.7,0.024,2,1.4,0.059,-2.3,0.5,-1.7,-0.6,0.4,0.1,-4.4,-3.4
1,2,8,w,Duke,2,39,80.1,29.7,60.4,0.491,7.9,21.6,0.366,12.8,17.3,0.738,9.9,26.8,36.7,16.5,6.4,5.6,10.3,13.6,121.1,95.9,67.3,-0.01,8.22,107.8,99.6,Arkansas,4,37,75.9,26.3,60.6,0.434,6.3,20.7,0.304,17.1,22.5,0.76,10.3,26.3,36.6,13.8,7.6,4.1,12.2,16.9,109.9,90.4,70.7,0.038,9.08,107.5,98.4,11.2,5.5,-3.4,-0.048,-0.86,0.3,1.2,4.2,3.4,-0.2,0.057,1.6,0.9,0.062,-4.3,-5.2,-0.022,-0.4,0.5,0.1,2.7,-1.2,1.5,-1.9,-3.3
1,7,8,e,North Carolina,8,39,77.9,27.6,61.8,0.447,8.4,23.5,0.358,14.3,18.7,0.764,10.6,29.1,39.7,14.9,5.2,3.9,11.7,14.5,114.4,94.3,70.2,0.072,9.9,109,99.1,Saint Peter's,15,34,67,23.4,54.9,0.427,5.8,16.6,0.35,14.3,20.4,0.701,9.8,24.8,34.5,12.3,7.1,5,13.4,19.7,100.3,93,65.9,0.018,0.25,103.1,102.8,14.1,1.3,4.3,0.054,9.65,5.9,-3.7,10.9,4.2,6.9,0.02,2.6,6.9,0.008,0,-1.7,0.063,0.8,4.3,5.2,2.6,-1.9,-1.1,-1.7,-5.2
1,3,8,s,Villanova,2,38,71.7,24.3,56.1,0.432,9.3,26,0.359,13.9,16.7,0.83,9.8,23.9,33.7,11.9,6,2.2,9.9,14.9,117.5,92.9,62.3,0.06,11.46,109.1,97.6,Houston,5,38,74.8,27.7,59.7,0.465,7.8,23.2,0.338,11.5,17.3,0.667,12.7,24.8,37.5,16.2,8,5.2,11.2,17.2,116.8,89.1,63.6,-0.012,5.89,105.5,99.6,0.7,3.8,-1.3,0.072,5.57,3.6,-2,-3.1,-3.4,-3.6,-0.033,1.5,2.8,0.021,2.4,-0.6,0.163,-2.9,-0.9,-3.8,-4.3,-2,-3,-1.3,-2.3
1,9,8,mw,Kansas,1,40,78.2,28.6,59.8,0.478,7.2,19.8,0.361,13.9,19.4,0.717,10.4,26.4,36.7,15.3,6.3,4.3,12.1,15.9,119.2,91.7,69.3,0.041,12.6,108,95.4,Miami (FL),10,37,73.9,27.3,57.7,0.473,6.9,20.5,0.339,12.4,16.6,0.742,6.8,22.5,29.4,14.1,8.9,3.2,9.5,14.9,113.9,99.1,67.7,0.088,8.63,107.5,98.8,5.3,-7.4,1.6,-0.047,3.97,0.5,-3.4,4.3,1.3,2.1,0.005,0.3,-0.7,0.022,1.5,2.8,-0.025,3.6,3.9,7.3,1.2,-2.6,1.1,2.6,1
0,6,4,new_orleans,Duke,2,39,80.1,29.7,60.4,0.491,7.9,21.6,0.366,12.8,17.3,0.738,9.9,26.8,36.7,16.5,6.4,5.6,10.3,13.6,121.1,95.9,67.3,-0.01,8.22,107.8,99.6,North Carolina,8,39,77.9,27.6,61.8,0.447,8.4,23.5,0.358,14.3,18.7,0.764,10.6,29.1,39.7,14.9,5.2,3.9,11.7,14.5,114.4,94.3,70.2,0.072,9.9,109,99.1,6.7,1.6,-2.9,-0.082,-1.68,-1.2,0.5,2.2,2.1,-1.4,0.044,-0.5,-1.9,0.008,-1.5,-1.4,-0.026,-0.7,-2.3,-3,1.6,1.2,1.7,-1.4,-0.9
1,1,4,new_orleans,Kansas,1,40,78.2,28.6,59.8,0.478,7.2,19.8,0.361,13.9,19.4,0.717,10.4,26.4,36.7,15.3,6.3,4.3,12.1,15.9,119.2,91.7,69.3,0.041,12.6,108,95.4,Villanova,2,38,71.7,24.3,56.1,0.432,9.3,26,0.359,13.9,16.7,0.83,9.8,23.9,33.7,11.9,6,2.2,9.9,14.9,117.5,92.9,62.3,0.06,11.46,109.1,97.6,1.7,-1.2,7,-0.019,1.14,-1.1,-2.2,6.5,4.3,3.7,0.046,-2.1,-6.2,0.002,0,2.7,-0.113,0.6,2.5,3,3.4,0.3,2.1,2.2,1
1,7,2,new_orleans,Kansas,1,40,78.2,28.6,59.8,0.478,7.2,19.8,0.361,13.9,19.4,0.717,10.4,26.4,36.7,15.3,6.3,4.3,12.1,15.9,119.2,91.7,69.3,0.041,12.6,108,95.4,North Carolina,8,39,77.9,27.6,61.8,0.447,8.4,23.5,0.358,14.3,18.7,0.764,10.6,29.1,39.7,14.9,5.2,3.9,11.7,14.5,114.4,94.3,70.2,0.072,9.9,109,99.1,4.8,-2.6,-0.9,-0.031,2.7,-1,-3.7,0.3,1,-2,0.031,-1.2,-3.7,0.003,-0.4,0.7,-0.047,-0.2,-2.7,-3,0.4,1.1,0.4,0.4,1.4
1,15,64,w,Gonzaga,1,32,91,33.7,61.4,0.549,7.5,20.4,0.368,16,21.9,0.731,8.6,27.4,36,18.8,7.9,2.8,12,16.3,126.4,89.9,73.8,0.022,11.35,108.1,96.8,Norfolk State,16,25,73.6,25.2,59.1,0.427,7.8,21.1,0.367,15.4,21.8,0.705,9.2,25.4,34.6,12.1,6.5,3.2,12.9,19.2,99.1,103.6,67.5,0.09,-7.09,98.1,105.2,27.3,-13.7,6.3,-0.068,18.44,10,-8.4,17.4,8.5,2.3,0.122,-0.3,-0.7,0.001,0.6,0.1,0.026,-0.6,2,1.4,6.7,1.4,-0.4,-0.9,-2.9
1,1,64,w,Oklahoma,8,27,74.5,26.7,60.4,0.443,7.9,23,0.341,13.2,17.7,0.745,9.3,25.6,34.8,13.3,7.1,3.6,10.9,14.7,112.1,95.1,67.1,-0.025,14.29,109.5,95.2,Missouri,9,26,73.4,25.7,57.6,0.446,7.1,21.8,0.325,15,21.3,0.701,9.2,25.2,34.5,13.3,6.7,3.5,13.3,19.7,110.6,95.5,68.4,0.07,15.85,110.2,94.4,1.5,-0.4,-1.3,-0.095,-1.56,-0.7,0.8,1.1,1,2.8,-0.003,0.8,1.2,0.016,-1.8,-3.6,0.044,0.1,0.4,0.3,0,0.4,0.1,-2.4,-5
1,7,64,w,Creighton,5,31,76,28.3,60.1,0.472,9.5,26.2,0.361,9.9,15.4,0.64,8,26.8,34.7,15.6,7,3.3,11,15.4,113.4,92.8,68.7,0.017,13.19,108.8,95.6,UCSB,12,27,76,27.4,56.8,0.482,6.7,19.3,0.347,14.5,19.3,0.751,8.9,25,33.9,16.2,7.4,2.8,10.9,15.9,109.9,96.2,65.6,0.03,1.8,102.8,101,3.5,-3.4,3.1,-0.013,11.39,6,-5.4,0,0.9,3.3,-0.01,2.8,6.9,0.014,-4.6,-3.9,-0.111,-0.9,1.8,0.8,-0.6,-0.4,0.5,0.1,-0.5
0,9,64,w,Virginia,4,25,68.2,25.2,53,0.474,8.5,22.6,0.375,9.4,11.5,0.816,6,24.7,30.8,13.8,4.9,4.4,9,12.9,114.7,93.3,59.9,0.025,12.05,109.8,97.8,Ohio,13,25,79.2,29.1,60.8,0.479,8.4,23.7,0.352,12.6,17.9,0.703,9.8,24.8,34.6,17.4,6.5,2.1,12.1,15.8,111.4,100.9,69.2,0.031,5.23,106.1,100.9,3.3,-7.6,-9.3,-0.006,6.82,3.7,-3.1,-11,-3.9,-7.8,-0.005,0.1,-1.1,0.023,-3.2,-6.4,0.113,-3.8,-0.1,-3.8,-3.6,-1.6,2.3,-3.1,-2.9
1,5,64,w,USC,6,33,74.9,27.4,58.1,0.472,6.5,18,0.36,13.7,21.1,0.649,11.2,26.7,37.8,13.9,4.8,5.1,12.4,15.1,115.7,88.1,67,0.001,16.27,111.1,94.8,Drake,11,31,75.9,29.3,60.6,0.483,7,19.2,0.367,10.3,14.5,0.713,10,25.2,35.2,13.6,7,3,10.2,15.7,112.5,98.2,66.3,0.102,3.98,104.1,100.1,3.2,-10.1,0.7,-0.101,12.29,7,-5.3,-1,-1.9,-2.5,-0.011,-0.5,-1.2,-0.007,3.4,6.6,-0.064,1.2,1.5,2.6,0.3,-2.2,2.1,2.2,-0.6
1,11,64,w,Kansas,3,30,73,26.3,60.3,0.436,7.6,22.1,0.342,12.9,18,0.716,10.9,25.7,36.6,13.8,6.9,4,12,15.3,110.1,90.2,68.2,0.07,15.83,110.7,94.8,Eastern Washington,14,24,78.3,27.8,59.4,0.468,8.5,23.9,0.355,14.2,18,0.791,7.2,27.4,34.5,15.2,4.8,2.9,11.5,17,109.5,101.3,72.2,-0.085,-0.43,102,102.4,0.6,-11.1,-4,0.155,16.26,8.7,-7.6,-5.3,-1.5,0.9,-0.032,-0.9,-1.8,-0.013,-1.3,0,-0.075,3.7,-1.7,2.1,-1.4,2.1,1.1,0.5,-1.7
1,3,64,w,Oregon,7,28,74.9,27.8,59,0.472,8.4,22.2,0.377,10.9,15.3,0.711,9.1,23,32,13.9,7.4,3.7,11.4,15.5,117.2,95.4,67.2,0.049,15.2,110.6,95.4,VCU,10,26,71.7,25.3,56.2,0.451,6.5,19.6,0.329,14.5,19.1,0.761,8.8,24.2,33,13.3,9.2,5.4,14.6,18.7,105.2,90.2,69.6,0.035,8.57,106.5,98,12,5.2,-2.4,0.014,6.63,4.1,-2.6,3.2,2.5,2.8,0.021,1.9,2.6,0.048,-3.6,-3.8,-0.05,0.3,-1.2,-1,0.6,-1.8,-1.7,-3.2,-3.2
1,13,64,w,Iowa,2,31,83.7,29.8,63.3,0.471,9.7,25.2,0.386,14.5,20.2,0.715,11,28.1,39.1,19.2,5.6,4.5,9.5,14.9,123.5,96.7,69.9,-0.027,16.41,110.4,94,Grand Canyon,15,24,75.5,28.2,57.7,0.488,6.8,20.7,0.329,12.4,18.1,0.684,10.6,28.2,38.8,16.3,4.8,3,12.8,17.2,105.4,97.1,64.9,-0.061,-1.44,102,103.5,18.1,-0.4,5,0.034,17.85,8.4,-9.5,8.2,1.6,5.6,-0.017,2.9,4.5,0.057,2.1,2.1,0.031,0.4,-0.1,0.3,2.9,0.8,1.5,-3.3,-2.3
1,15,64,e,Michigan,1,28,75.8,27.5,57.1,0.482,7.4,19.3,0.381,13.3,17.3,0.769,8.7,27.6,36.3,15.8,4.3,4.2,11.3,14.7,117.6,87.9,66.6,0.007,16.44,111.7,95.3,Texas Southern,16,26,73.9,26.7,60.2,0.444,4.5,16.3,0.276,15.9,22.8,0.699,11.8,27.7,39.5,12.1,7,4.4,15.3,17.9,99.8,104.2,71.5,0.059,-7.73,95.5,103.2,17.8,-16.3,-4.9,-0.052,24.17,16.2,-7.9,1.9,0.8,-3.1,0.038,2.9,3,0.105,-2.6,-5.5,0.07,-3.1,-0.1,-3.2,3.7,-2.7,-0.2,-4,-3.2
1,1,64,e,LSU,8,29,81.8,28.8,62.9,0.459,8.1,23.2,0.347,16,21.4,0.75,11,26.2,37.3,12.1,7.8,2.9,11.4,17.4,120.1,99.8,70.6,-0.007,14.77,108.7,93.9,St. Bonaventure,9,21,70,25.8,58.3,0.443,6.4,18.6,0.344,12,16.3,0.738,10.9,25.2,36,14.6,5.9,4,10.7,15.3,110,91,64.8,0.016,8.53,106.6,98,10.1,8.8,5.8,-0.023,6.24,2.1,-4.1,11.8,3,4.6,0.016,1.7,4.6,0.003,4,5.1,0.012,0.1,1,1.3,-2.5,1.9,-1.1,0.7,2.1
1,7,64,e,Colorado,5,32,73.1,25.9,56.7,0.456,7.7,20.7,0.372,13.7,16.7,0.819,9,24.5,33.5,13.6,5.2,2.8,11.4,16.4,116.3,91.2,66.1,-0.025,15.43,110.3,94.9,Georgetown,12,26,71.4,24.8,58.5,0.423,8.3,22.8,0.365,13.6,18,0.753,11,27.7,38.6,12.8,5.9,3.9,15.2,15.9,107.9,99.2,73.2,0.048,12.37,107.9,95.5,8.4,-8,-7.1,-0.073,3.06,2.4,-0.6,1.7,1.1,-1.8,0.033,-0.6,-2.1,0.007,0.1,-1.3,0.066,-2,-3.2,-5.1,0.8,-0.7,-1.1,-3.8,0.5
1,9,64,e,Florida State,4,25,77.2,27.7,58.4,0.474,7.7,20.4,0.376,14,19,0.741,10.8,25,35.8,14.5,7.3,5.1,14.4,18.4,114.9,92.8,69.9,0.002,13.48,109.5,96,UNC Greensboro,13,30,73,27.4,65.1,0.421,7.6,25.4,0.299,10.6,15.5,0.683,12.3,25.9,38.2,12.3,7.5,3.8,11,18.1,103.6,95.8,68,0.003,1.48,103.8,102.3,11.3,-3,1.9,-0.001,12,5.7,-6.3,4.2,0.3,-6.7,0.053,0.1,-5,0.077,3.4,3.5,0.058,-1.5,-0.9,-2.4,2.2,-0.2,1.3,3.4,0.3
0,5,64,e,BYU,6,27,78.1,28.7,59.6,0.483,8.7,23.4,0.373,11.9,16.4,0.725,9,29.3,38.3,16.1,4.6,2.8,13.2,18,113.7,92.5,67.6,0.037,12.31,109.1,96.8,UCLA,11,32,73.4,26.8,58,0.461,6.8,18.3,0.372,13.1,18.3,0.715,9.5,24.6,34.1,13.7,4.9,2.8,10.6,16.1,116.9,94.5,63.8,0.028,17.38,111.3,93.9,-3.2,-2,3.8,0.009,-5.07,-2.2,2.9,4.7,1.9,1.6,0.022,1.9,5.1,0.001,-1.2,-1.9,0.01,-0.5,4.7,4.2,2.4,-0.3,0,2.6,1.9
0,11,64,e,Texas,3,27,74.4,26,57.3,0.454,8.6,24.1,0.356,13.8,19.4,0.71,10.3,27,37.3,13.2,6.5,4.1,14.6,19.7,113.1,92.8,68.6,-0.004,14.52,109.2,94.7,Abilene Christian,14,29,75.7,27.1,60.4,0.449,7.6,22.2,0.344,13.9,20.5,0.678,11.1,24,35,17.7,9.7,3,13.6,19.1,101.7,91.6,69.3,0.009,-5.43,99.4,104.8,11.4,1.2,-0.7,-0.013,19.95,9.8,-10.1,-1.3,-1.1,-3.1,0.005,1,1.9,0.012,-0.1,-1.1,0.032,-0.8,3,2.3,-4.5,-3.2,1.1,1,0.6
0,3,64,e,Connecticut,7,23,71.7,26.2,60.3,0.434,6.7,20.1,0.335,12.7,17.5,0.722,13,24.2,37.2,12.9,6.2,5.3,11.7,18.8,113.1,92.5,65.5,-0.068,12.99,108.2,95.2,Maryland,10,31,68.9,24.3,52.8,0.46,8.2,22.8,0.357,12.1,17.4,0.699,6,25.5,31.5,13.4,5,3.3,11.1,14.7,111.8,94.1,64.7,-0.024,17.1,110.2,93.1,1.3,-1.6,0.8,-0.044,-4.11,-2,2.1,2.8,1.9,7.5,-0.026,-1.5,-2.7,-0.022,0.6,0.1,0.023,7,-1.3,5.7,-0.5,1.2,2,0.6,4.1
1,13,64,e,Alabama,2,33,79.7,28,64.4,0.435,10.5,30,0.352,13.1,18.5,0.708,11.9,27.3,39.2,14.1,8.5,4.3,13.9,18.3,112.9,87.8,73.3,0.02,14.8,110.1,95.3,Iona,15,18,71.3,24.8,56.1,0.442,7.3,21.2,0.346,14.4,19.3,0.744,10.6,25.6,36.2,13.6,6.8,4.2,15.7,21.6,100.2,101,67.7,0.03,-5.67,98.3,103.9,12.7,-13.2,5.6,-0.01,20.47,11.8,-8.6,8.4,3.2,8.3,-0.007,3.2,8.8,0.006,-1.3,-0.8,-0.036,1.3,1.7,3,0.5,1.7,0.1,-1.8,-3.3
1,15,64,s,Baylor,1,30,82.9,30.6,62.9,0.486,10,24.1,0.413,11.8,16.7,0.708,11.9,22.4,34.3,16.9,8.9,3.7,11.5,17.1,125,91.1,67.4,0.046,13.25,108.7,95.5,Hartford,16,24,65.4,23.4,54.4,0.431,7.5,23.1,0.323,11.1,15.5,0.716,7.7,24.4,32.1,11,6.9,2.3,13,16.1,97,100,66.9,0.081,-5.09,99.2,104.3,28,-8.9,0.5,-0.035,18.34,9.5,-8.8,17.5,7.2,8.5,0.055,2.5,1,0.09,0.7,1.2,-0.008,4.2,-2,2.2,5.9,2,1.4,-1.5,1
0,1,64,s,North Carolina,8,29,75.2,27.6,63,0.439,5.6,17.6,0.318,14.4,21.5,0.668,15,26.6,41.6,15.3,7,4.7,14.6,16.8,110.3,91.7,71.5,-0.005,14.79,110.9,96.1,Wisconsin,9,31,69.9,24.7,58.2,0.425,8.7,23.8,0.365,11.7,15.3,0.768,7.8,24.8,32.6,13.4,5.6,4,9.1,16.1,113,90.6,64.6,-0.052,18.13,112.1,93.9,-2.7,1.1,6.9,0.047,-3.34,-1.2,2.2,5.3,2.9,4.8,0.014,-3.1,-6.2,-0.047,2.7,6.2,-0.1,7.2,1.8,9,1.9,1.4,0.7,5.5,0.7
1,7,64,s,Villanova,5,25,74.8,26.2,57.8,0.453,9.2,25.9,0.353,13.2,17.4,0.763,8.8,24.1,32.9,15,5.1,1.9,9.1,15.5,119,96,64.2,-0.007,13.66,109.3,95.7,Winthrop,12,25,78.9,27.8,60.8,0.457,8.4,23.9,0.352,14.9,21.6,0.688,12.6,27,39.6,15,7.4,2.3,14,18.4,105,96.5,73.1,0.036,-5.62,99.6,105.2,14,-0.5,-8.9,-0.043,19.28,9.7,-9.5,-4.1,-1.6,-3,-0.004,0.8,2,0.001,-1.7,-4.2,0.075,-3.8,-2.9,-6.7,0,-2.3,-0.4,-4.9,-2.9
0,9,64,s,Purdue,4,28,71,25.5,57,0.447,7.2,21.5,0.333,12.9,18.1,0.711,10.6,25.5,36,14.3,5.1,3.5,12.5,17.5,113.3,92.9,66.1,0.01,16.61,111.2,94.6,North Texas,13,28,69.8,25.6,54.1,0.473,7.6,20.4,0.375,10.9,14.7,0.745,8.3,23.8,32.1,13.3,6.5,2.9,12.9,15.7,106.7,95,62.7,-0.018,6.35,105,98.6,6.6,-2.1,3.4,0.028,10.26,6.2,-4,1.2,-0.1,2.9,-0.026,-0.4,1.1,-0.042,2,3.4,-0.034,2.3,1.7,3.9,1,-1.4,0.6,-0.4,1.8
1,5,64,s,Texas Tech,6,29,72.5,25.3,57.7,0.439,6.4,18,0.354,15.5,21.9,0.71,11,22.8,33.7,13,7.1,4,10.8,17.3,112.7,90.9,65.1,-0.099,12.84,108.5,95.7,Utah State,11,29,72.6,26.7,59.7,0.446,6.4,19.2,0.332,12.9,17.9,0.722,11.9,27.6,39.4,16.2,6.7,5,13.9,15,104.8,89.5,68.6,-0.037,5.64,105.4,99.7,7.9,1.4,-3.5,-0.062,7.2,3.1,-4,-0.1,-1.4,-2,-0.007,0,-1.2,0.022,2.6,4,-0.012,-0.9,-4.8,-5.7,-3.2,0.4,-1,-3.1,2.3
1,11,64,s,Arkansas,3,32,81.4,29.2,64.7,0.451,7.3,21.9,0.332,15.7,21.2,0.74,11.5,26.9,38.4,14.6,7.8,4.9,12.9,16.9,111.1,89.6,72.6,0.064,12.69,109.4,96.7,Colgate,14,16,85.2,30.9,62.8,0.493,9.3,22.8,0.405,14.1,19.4,0.723,9.8,29.8,39.6,17.4,7.1,3.4,10.8,16.2,110.3,101,72.2,0.048,-5.8,99.6,105.4,0.8,-11.4,0.4,0.016,18.49,9.8,-8.7,-3.8,-1.7,1.9,-0.042,-2,-0.9,-0.073,1.6,1.8,0.017,1.7,-2.9,-1.2,-2.8,0.7,1.5,2.1,0.7
1,3,64,s,Florida,7,25,74.2,26.5,56.3,0.471,6.8,19,0.356,14.4,19.1,0.753,9.5,24.8,34.2,11.7,7.2,5.2,15,18.6,111,94.1,68.3,-0.004,14.72,109.9,95.2,Virginia Tech,10,22,72,25.4,56.4,0.45,8.2,23.1,0.354,13.1,18.8,0.698,8.8,25,33.8,14.2,4.8,3.9,11.6,16.5,109.7,95.3,65.7,0.043,9.69,107.9,98.2,1.3,-1.2,2.6,-0.047,5.03,2,-3,2.2,1.1,-0.1,0.021,-1.4,-4.1,0.002,1.3,0.3,0.055,0.7,-0.2,0.4,-2.5,2.4,1.3,3.4,2.1
0,13,64,s,Ohio State,2,31,77.2,26.4,57.6,0.459,8.1,22.6,0.36,16.2,21.4,0.756,9.4,26.1,35.5,13.1,4.5,3.5,10.6,18.4,120.7,97.1,66.7,-0.012,17.9,111.6,93.7,Oral Roberts,15,29,81.1,28,62.2,0.449,11.1,29.3,0.38,14,17.1,0.821,7.8,25.6,33.3,12.8,6.6,3.8,11.4,17.3,109.3,104.4,71.4,0.023,4.09,105.2,101.1,11.4,-7.3,-4.7,-0.035,13.81,6.4,-7.4,-3.9,-1.6,-4.6,0.01,-3,-6.7,-0.02,2.2,4.3,-0.065,1.6,0.5,2.2,0.3,-2.1,-0.3,-0.8,1.1
1,15,64,mw,Illinois,1,31,80.5,29.3,58.7,0.5,6.5,17.6,0.372,15.4,22.3,0.69,9.8,28.7,38.5,16.3,5.7,2.8,13,17.7,118,88.9,70.5,0.022,18.17,112.3,94.1,Drexel,16,20,70.4,25.7,55,0.467,7.3,19.6,0.371,11.7,15,0.78,8.6,24.8,33.4,14.9,4.6,2.4,12.8,14.9,106.5,105.8,63.9,0.007,-2.28,101.2,103.5,11.5,-16.9,6.6,0.015,20.45,11.1,-9.4,10.1,3.6,3.7,0.033,-0.8,-2,0.001,3.7,7.3,-0.09,1.2,3.9,5.1,1.4,1.1,0.4,0.2,2.8
1,1,64,mw,Loyola Chicago,8,31,71,25.9,52.1,0.498,7.1,19.5,0.365,12,16.7,0.719,7.4,24.3,31.6,15.8,6.9,2.4,11.7,14.3,111.3,87,63.7,-0.024,6.27,105.6,99.4,Georgia Tech,9,26,74.9,27.8,58.2,0.477,7.4,21.2,0.348,12,16.5,0.726,7.4,22.1,29.5,15.8,9.1,3.5,11.2,15.8,113.7,96.2,67.3,-0.005,12.7,108.7,96,-2.4,-9.2,-3.6,-0.019,-6.43,-3.1,3.4,-3.9,-1.9,-6.1,0.021,-0.3,-1.7,0.017,0,0.2,-0.007,0,2.2,2.1,0,-2.2,-1.1,0.5,-1.5
0,7,64,mw,Tennessee,5,27,71.9,25.3,57.6,0.439,6.6,19.9,0.331,14.8,19.8,0.746,10.4,24.3,34.7,14.9,7.3,4.8,12.5,16.4,108,88.1,67.1,-0.013,13.11,108.9,95.8,Oregon State,12,33,70.5,24.3,55.8,0.436,7,19.5,0.357,14.8,19.5,0.762,9.7,23.5,33.2,14.5,5.8,3.5,11.6,18.8,112.1,95.7,65.5,0.072,16.72,111.2,94.5,-4.1,-7.6,1.6,-0.085,-3.61,-2.3,1.3,1.4,1,1.8,0.003,-0.4,0.4,-0.026,0,0.3,-0.016,0.7,0.8,1.5,0.4,1.5,1.3,0.9,-2.4
1,9,64,mw,Oklahoma State,4,30,76.6,27.2,59.3,0.458,6.3,19.1,0.332,15.8,22.3,0.71,10.5,26.8,37.3,12.8,7.5,4.4,15.6,17.2,112.1,95.7,65.5,0.072,16.72,111.2,94.5,Liberty,13,29,74.4,27,55.3,0.488,10.2,26.2,0.39,10.2,13.1,0.777,6.9,25.8,32.7,15.8,4.7,2.4,10,14.8,109.8,101.2,63.1,-0.023,-4.82,99.5,104.3,2.3,-5.5,2.4,0.095,21.54,11.7,-9.8,2.2,0.2,4,-0.03,-3.9,-7.1,-0.058,5.6,9.2,-0.067,3.6,1,4.6,-3,2.8,2,5.6,2.4
0,5,64,mw,San Diego State,6,28,73.6,25.7,57,0.451,8.6,23.3,0.369,13.7,19.1,0.719,9.2,25.3,34.5,13.9,8.2,2.8,11,18.4,111,91.1,65.5,0.027,7.22,106.4,99.2,Syracuse,11,28,74.8,26.5,60.1,0.441,8.5,24.3,0.349,13.3,17,0.782,9.8,24.6,34.5,15,8.1,5,11.4,14.6,113.7,96.9,68.6,0.029,12.94,109.4,96.5,-2.7,-5.8,-3.1,-0.002,-5.72,-3,2.7,-1.2,-0.8,-3.1,0.01,0.1,-1,0.02,0.4,2.1,-0.063,-0.6,0.7,0,-1.1,0.1,-2.2,-0.4,3.8
1,11,64,mw,West Virginia,3,29,77.3,26.5,61.8,0.429,7.4,20.4,0.364,16.9,23.4,0.719,12.9,23.5,36.4,14,7.6,2.8,12,16.3,116.8,96.3,69.2,-0.056,15.18,109.6,94.4,Morehead State,14,31,68.8,24.6,53.3,0.463,6.7,18.7,0.356,12.8,18.8,0.68,9.8,26.1,35.9,12.8,4.4,5,15.4,14.4,100.6,97.4,65.2,0.146,-1.1,102.1,103.2,16.2,-1.1,4,-0.202,16.28,7.5,-8.8,8.5,1.9,8.5,-0.034,0.7,1.7,0.008,4.1,4.6,0.039,3.1,-2.6,0.5,1.2,3.2,-2.2,-3.4,1.9
0,3,64,mw,Clemson,7,24,64.9,23.4,55.1,0.425,8.3,23.9,0.345,9.8,12.8,0.769,8.2,23.2,31.4,13.3,6.1,2.9,12.6,15.6,106.4,90.9,64,0.1,14.39,109.7,95.3,Rutgers,10,28,69.3,26.5,59,0.449,6.1,19.7,0.312,10.2,16,0.636,9.1,25.1,34.2,13.7,7.6,5.1,11.4,17.5,108.1,90.6,67.4,0.027,17.99,112.4,94.4,-1.7,0.3,-3.4,0.073,-3.6,-2.7,0.9,-4.4,-3.1,-3.9,-0.024,2.2,4.2,0.033,-0.4,-3.2,0.133,-0.9,-1.9,-2.8,-0.4,-1.5,-2.2,1.2,-1.9
1,13,64,mw,Houston,2,32,76.1,26.7,61.3,0.435,9.1,25.7,0.354,13.6,18.6,0.731,13.9,25.3,39.2,13.9,8,4.7,10.7,18,118.3,89.6,64.4,0.018,9.21,105.7,96.5,Cleveland State,15,27,70.9,26,57.7,0.45,6.4,19.8,0.321,12.6,18.8,0.671,10,23.5,33.4,13.7,7,2.6,12.9,19.4,100.6,100.7,66.1,0.199,-0.83,105.1,106,17.7,-11.1,-1.7,-0.181,10.04,0.6,-9.5,5.2,0.7,3.6,-0.015,2.7,5.9,0.033,1,-0.2,0.06,3.9,1.8,5.8,0.2,1,2.1,-2.2,-1.4
1,7,32,w,Gonzaga,1,32,91,33.7,61.4,0.549,7.5,20.4,0.368,16,21.9,0.731,8.6,27.4,36,18.8,7.9,2.8,12,16.3,126.4,89.9,73.8,0.022,11.35,108.1,96.8,Oklahoma,8,27,74.5,26.7,60.4,0.443,7.9,23,0.341,13.2,17.7,0.745,9.3,25.6,34.8,13.3,7.1,3.6,10.9,14.7,112.1,95.1,67.1,-0.025,14.29,109.5,95.2,14.3,-5.2,6.7,0.047,-2.94,-1.4,1.6,16.5,7,1,0.106,-0.4,-2.6,0.027,2.8,4.2,-0.014,-0.7,1.8,1.2,5.5,0.8,-0.8,1.1,1.6
1,8,32,w,Creighton,5,31,76,28.3,60.1,0.472,9.5,26.2,0.361,9.9,15.4,0.64,8,26.8,34.7,15.6,7,3.3,11,15.4,113.4,92.8,68.7,0.017,13.19,108.8,95.6,Ohio,13,25,79.2,29.1,60.8,0.479,8.4,23.7,0.352,12.6,17.9,0.703,9.8,24.8,34.6,17.4,6.5,2.1,12.1,15.8,111.4,100.9,69.2,0.031,5.23,106.1,100.9,2,-8.1,-0.5,-0.014,7.96,2.7,-5.3,-3.2,-0.8,-0.7,-0.007,1.1,2.5,0.009,-2.7,-2.5,-0.063,-1.8,2,0.1,-1.8,0.5,1.2,-1.1,-0.4
0,3,32,w,Kansas,3,30,73,26.3,60.3,0.436,7.6,22.1,0.342,12.9,18,0.716,10.9,25.7,36.6,13.8,6.9,4,12,15.3,110.1,90.2,68.2,0.07,15.83,110.7,94.8,USC,6,33,74.9,27.4,58.1,0.472,6.5,18,0.36,13.7,21.1,0.649,11.2,26.7,37.8,13.9,4.8,5.1,12.4,15.1,115.7,88.1,67,0.001,16.27,111.1,94.8,-5.6,2.1,1.2,0.069,-0.44,-0.4,0,-1.9,-1.1,2.2,-0.036,1.1,4.1,-0.018,-0.8,-3.1,0.067,-0.3,-1,-1.2,-0.1,2.1,-1.1,-0.4,0.2
0,5,32,w,Iowa,2,31,83.7,29.8,63.3,0.471,9.7,25.2,0.386,14.5,20.2,0.715,11,28.1,39.1,19.2,5.6,4.5,9.5,14.9,123.5,96.7,69.9,-0.027,16.41,110.4,94,Oregon,7,28,74.9,27.8,59,0.472,8.4,22.2,0.377,10.9,15.3,0.711,9.1,23,32,13.9,7.4,3.7,11.4,15.5,117.2,95.4,67.2,0.049,15.2,110.6,95.4,6.3,1.3,2.7,-0.076,1.21,-0.2,-1.4,8.8,2,4.3,-0.001,1.3,3,0.009,3.6,4.9,0.004,1.9,5.1,7.1,5.3,-1.8,0.8,-1.9,-0.6
1,7,32,e,Michigan,1,28,75.8,27.5,57.1,0.482,7.4,19.3,0.381,13.3,17.3,0.769,8.7,27.6,36.3,15.8,4.3,4.2,11.3,14.7,117.6,87.9,66.6,0.007,16.44,111.7,95.3,LSU,8,29,81.8,28.8,62.9,0.459,8.1,23.2,0.347,16,21.4,0.75,11,26.2,37.3,12.1,7.8,2.9,11.4,17.4,120.1,99.8,70.6,-0.007,14.77,108.7,93.9,-2.5,-11.9,-4,0.014,1.67,3,1.4,-6,-1.3,-5.8,0.023,-0.7,-3.9,0.034,-2.7,-4.1,0.019,-2.3,1.4,-1,3.7,-3.5,1.3,-0.1,-2.7
1,1,32,e,Florida State,4,25,77.2,27.7,58.4,0.474,7.7,20.4,0.376,14,19,0.741,10.8,25,35.8,14.5,7.3,5.1,14.4,18.4,114.9,92.8,69.9,0.002,13.48,109.5,96,Colorado,5,32,73.1,25.9,56.7,0.456,7.7,20.7,0.372,13.7,16.7,0.819,9,24.5,33.5,13.6,5.2,2.8,11.4,16.4,116.3,91.2,66.1,-0.025,15.43,110.3,94.9,-1.4,1.6,3.8,0.027,-1.95,-0.8,1.1,4.1,1.8,1.7,0.018,0,-0.3,0.004,0.3,2.3,-0.078,1.8,0.5,2.3,0.9,2.1,2.3,3,2
1,3,32,e,UCLA,11,32,73.4,26.8,58,0.461,6.8,18.3,0.372,13.1,18.3,0.715,9.5,24.6,34.1,13.7,4.9,2.8,10.6,16.1,116.9,94.5,63.8,0.028,17.38,111.3,93.9,Abilene Christian,14,29,75.7,27.1,60.4,0.449,7.6,22.2,0.344,13.9,20.5,0.678,11.1,24,35,17.7,9.7,3,13.6,19.1,101.7,91.6,69.3,0.009,-5.43,99.4,104.8,15.2,2.9,-5.5,0.019,22.81,11.9,-10.9,-2.3,-0.3,-2.4,0.012,-0.8,-3.9,0.028,-0.8,-2.2,0.037,-1.6,0.6,-0.9,-4,-4.8,-0.2,-3,-3
1,8,32,e,Alabama,2,33,79.7,28,64.4,0.435,10.5,30,0.352,13.1,18.5,0.708,11.9,27.3,39.2,14.1,8.5,4.3,13.9,18.3,112.9,87.8,73.3,0.02,14.8,110.1,95.3,Maryland,10,31,68.9,24.3,52.8,0.46,8.2,22.8,0.357,12.1,17.4,0.699,6,25.5,31.5,13.4,5,3.3,11.1,14.7,111.8,94.1,64.7,-0.024,17.1,110.2,93.1,1.1,-6.3,8.6,0.044,-2.3,-0.1,2.2,10.8,3.7,11.6,-0.025,2.3,7.2,-0.005,1,1.1,0.009,5.9,1.8,7.7,0.7,3.5,1,2.8,3.6
1,8,32,s,Baylor,1,30,82.9,30.6,62.9,0.486,10,24.1,0.413,11.8,16.7,0.708,11.9,22.4,34.3,16.9,8.9,3.7,11.5,17.1,125,91.1,67.4,0.046,13.25,108.7,95.5,Wisconsin,9,31,69.9,24.7,58.2,0.425,8.7,23.8,0.365,11.7,15.3,0.768,7.8,24.8,32.6,13.4,5.6,4,9.1,16.1,113,90.6,64.6,-0.052,18.13,112.1,93.9,12,0.5,2.8,0.098,-4.88,-3.4,1.6,13,5.9,4.7,0.061,1.3,0.3,0.048,0.1,1.4,-0.06,4.1,-2.4,1.7,3.5,3.3,-0.3,2.4,1
1,8,32,s,Villanova,5,25,74.8,26.2,57.8,0.453,9.2,25.9,0.353,13.2,17.4,0.763,8.8,24.1,32.9,15,5.1,1.9,9.1,15.5,119,96,64.2,-0.007,13.66,109.3,95.7,North Texas,13,28,69.8,25.6,54.1,0.473,7.6,20.4,0.375,10.9,14.7,0.745,8.3,23.8,32.1,13.3,6.5,2.9,12.9,15.7,106.7,95,62.7,-0.018,6.35,105,98.6,12.3,1,1.5,0.011,7.31,4.3,-2.9,5,0.6,3.7,-0.02,1.6,5.5,-0.022,2.3,2.7,0.018,0.5,0.3,0.8,1.7,-1.4,-1,-3.8,-0.2
1,3,32,s,Arkansas,3,32,81.4,29.2,64.7,0.451,7.3,21.9,0.332,15.7,21.2,0.74,11.5,26.9,38.4,14.6,7.8,4.9,12.9,16.9,111.1,89.6,72.6,0.064,12.69,109.4,96.7,Texas Tech,6,29,72.5,25.3,57.7,0.439,6.4,18,0.354,15.5,21.9,0.71,11,22.8,33.7,13,7.1,4,10.8,17.3,112.7,90.9,65.1,-0.099,12.84,108.5,95.7,-1.6,-1.3,7.5,0.163,-0.15,0.9,1,8.9,3.9,7,0.012,0.9,3.9,-0.022,0.2,-0.7,0.03,0.5,4.1,4.7,1.6,0.7,0.9,2.1,-0.4
0,8,32,s,Florida,7,25,74.2,26.5,56.3,0.471,6.8,19,0.356,14.4,19.1,0.753,9.5,24.8,34.2,11.7,7.2,5.2,15,18.6,111,94.1,68.3,-0.004,14.72,109.9,95.2,Oral Roberts,15,29,81.1,28,62.2,0.449,11.1,29.3,0.38,14,17.1,0.821,7.8,25.6,33.3,12.8,6.6,3.8,11.4,17.3,109.3,104.4,71.4,0.023,4.09,105.2,101.1,1.7,-10.3,-3.1,-0.027,10.63,4.7,-5.9,-6.9,-1.5,-5.9,0.022,-4.3,-10.3,-0.024,0.4,2,-0.068,1.7,-0.8,0.9,-1.1,0.6,1.4,3.6,1.3
0,7,32,mw,Illinois,1,31,80.5,29.3,58.7,0.5,6.5,17.6,0.372,15.4,22.3,0.69,9.8,28.7,38.5,16.3,5.7,2.8,13,17.7,118,88.9,70.5,0.022,18.17,112.3,94.1,Loyola Chicago,8,31,71,25.9,52.1,0.498,7.1,19.5,0.365,12,16.7,0.719,7.4,24.3,31.6,15.8,6.9,2.4,11.7,14.3,111.3,87,63.7,-0.024,6.27,105.6,99.4,6.7,1.9,6.8,0.046,11.9,6.7,-5.3,9.5,3.4,6.6,0.002,-0.6,-1.9,0.007,3.4,5.6,-0.029,2.4,4.4,6.9,0.5,-1.2,0.4,1.3,3.4
0,8,32,mw,Oklahoma State,4,30,76.6,27.2,59.3,0.458,6.3,19.1,0.332,15.8,22.3,0.71,10.5,26.8,37.3,12.8,7.5,4.4,15.6,17.2,109.6,90.7,72.4,0.038,15.52,111.1,95.6,Oregon State,12,33,70.5,24.3,55.8,0.436,7,19.5,0.357,14.8,19.5,0.762,9.7,23.5,33.2,14.5,5.8,3.5,11.6,18.8,112.1,95.7,65.5,0.072,16.72,111.2,94.5,-2.5,-5,6.9,-0.034,-1.2,-0.1,1.1,6.1,2.9,3.5,0.022,-0.7,-0.4,-0.025,1,2.8,-0.052,0.8,3.3,4.1,-1.7,1.7,0.9,4,-1.6
0,8,32,mw,West Virginia,3,29,77.3,26.5,61.8,0.429,7.4,20.4,0.364,16.9,23.4,0.719,12.9,23.5,36.4,14,7.6,2.8,12,16.3,116.8,96.3,69.2,-0.056,15.18,109.6,94.4,Syracuse,11,28,74.8,26.5,60.1,0.441,8.5,24.3,0.349,13.3,17,0.782,9.8,24.6,34.5,15,8.1,5,11.4,14.6,113.7,96.9,68.6,0.029,12.94,109.4,96.5,3.1,-0.6,0.6,-0.085,2.24,0.2,-2.1,2.5,0,1.7,-0.012,-1.1,-3.9,0.015,3.6,6.4,-0.063,3.1,-1.1,1.9,-1,-0.5,-2.2,0.6,1.7
1,8,32,mw,Houston,2,32,76.1,26.7,61.3,0.435,9.1,25.7,0.354,13.6,18.6,0.731,13.9,25.3,39.2,13.9,8,4.7,10.7,18,118.3,89.6,64.4,0.018,9.21,105.7,96.5,Rutgers,10,28,69.3,26.5,59,0.449,6.1,19.7,0.312,10.2,16,0.636,9.1,25.1,34.2,13.7,7.6,5.1,11.4,17.5,108.1,90.6,67.4,0.027,17.99,112.4,94.4,10.2,-1,-3,-0.009,-8.78,-6.7,2.1,6.8,0.2,2.3,-0.014,3,6,0.042,3.4,2.6,0.095,4.8,0.2,5,0.2,0.4,-0.4,-0.7,0.5
1,4,16,w,Gonzaga,1,32,91,33.7,61.4,0.549,7.5,20.4,0.368,16,21.9,0.731,8.6,27.4,36,18.8,7.9,2.8,12,16.3,126.4,89.9,73.8,0.022,11.35,108.1,96.8,Creighton,5,31,76,28.3,60.1,0.472,9.5,26.2,0.361,9.9,15.4,0.64,8,26.8,34.7,15.6,7,3.3,11,15.4,113.4,92.8,68.7,0.017,13.19,108.8,95.6,13,-2.9,5.1,0.005,-1.84,-0.7,1.2,15,5.4,1.3,0.077,-2,-5.8,0.007,6.1,6.5,0.091,0.6,0.6,1.3,3.2,0.9,-0.5,1,0.9
1,1,16,w,USC,6,33,74.9,27.4,58.1,0.472,6.5,18,0.36,13.7,21.1,0.649,11.2,26.7,37.8,13.9,4.8,5.1,12.4,15.1,115.7,88.1,67,0.001,16.27,111.1,94.8,Oregon,7,28,74.9,27.8,59,0.472,8.4,22.2,0.377,10.9,15.3,0.711,9.1,23,32,13.9,7.4,3.7,11.4,15.5,117.2,95.4,67.2,0.049,15.2,110.6,95.4,-1.5,-7.3,-0.2,-0.048,1.07,0.5,-0.6,0,-0.4,-0.9,0,-1.9,-4.2,-0.017,2.8,5.8,-0.062,2.1,3.7,5.8,0,-2.6,1.4,1,-0.4
1,3,16,e,Michigan,1,28,75.8,27.5,57.1,0.482,7.4,19.3,0.381,13.3,17.3,0.769,8.7,27.6,36.3,15.8,4.3,4.2,11.3,14.7,117.6,87.9,66.6,0.007,16.44,111.7,95.3,Florida State,4,25,77.2,27.7,58.4,0.474,7.7,20.4,0.376,14,19,0.741,10.8,25,35.8,14.5,7.3,5.1,14.4,18.4,114.9,92.8,69.9,0.002,13.48,109.5,96,2.7,-4.9,-3.3,0.005,2.96,2.2,-0.7,-1.4,-0.2,-1.3,0.008,-0.3,-1.1,0.005,-0.7,-1.7,0.028,-2.1,2.6,0.5,1.3,-3,-0.9,-3.1,-3.7
0,9,16,e,Alabama,2,33,79.7,28,64.4,0.435,10.5,30,0.352,13.1,18.5,0.708,11.9,27.3,39.2,14.1,8.5,4.3,13.9,18.3,112.9,87.8,73.3,0.02,14.8,110.1,95.3,UCLA,11,32,73.4,26.8,58,0.461,6.8,18.3,0.372,13.1,18.3,0.715,9.5,24.6,34.1,13.7,4.9,2.8,10.6,16.1,116.9,94.5,63.8,0.028,17.38,111.3,93.9,-4,-6.7,9.5,-0.008,-2.58,-1.2,1.4,6.3,1.2,6.4,-0.026,3.7,11.7,-0.02,0,0.2,-0.007,2.4,2.7,5.1,0.4,3.6,1.5,3.3,2.2
1,4,16,s,Baylor,1,30,82.9,30.6,62.9,0.486,10,24.1,0.413,11.8,16.7,0.708,11.9,22.4,34.3,16.9,8.9,3.7,11.5,17.1,125,91.1,67.4,0.046,13.25,108.7,95.5,Villanova,5,25,74.8,26.2,57.8,0.453,9.2,25.9,0.353,13.2,17.4,0.708,8.8,24.1,32.9,15,5.1,1.9,9.1,15.5,119,96,64.2,-0.007,13.66,109.3,95.7,6,-4.9,3.2,0.053,-0.41,-0.6,-0.2,8.1,4.4,5.1,0.033,0.8,-1.8,0.06,-1.4,-0.7,0,3.1,-1.7,1.4,1.9,3.8,1.8,2.4,1.6
1,12,16,s,Arkansas,3,32,81.4,29.2,64.7,0.451,7.3,21.9,0.332,15.7,21.2,0.74,11.5,26.9,38.4,14.6,7.8,4.9,12.9,16.9,111.1,89.6,72.6,0.064,12.69,109.4,96.7,Oral Roberts,15,29,81.1,28,62.2,0.449,11.1,29.3,0.38,14,17.1,0.708,7.8,25.6,33.3,12.8,6.6,3.8,11.4,17.3,109.3,104.4,71.4,0.023,4.09,105.2,101.1,1.8,-14.8,1.2,0.041,8.6,4.2,-4.4,0.3,1.2,2.5,0.002,-3.8,-7.4,-0.048,1.7,4.1,0.032,3.7,1.3,5.1,1.8,1.2,1.1,1.5,-0.4
0,4,16,mw,Loyola Chicago,8,31,71,25.9,52.1,0.498,7.1,19.5,0.365,12,16.7,0.708,7.4,24.3,31.6,15.8,6.9,2.4,11.7,14.3,111.3,87,63.7,-0.024,6.27,105.6,99.4,Oregon State,12,33,70.5,24.3,55.8,0.436,7,19.5,0.357,14.8,19.5,0.708,9.7,23.5,33.2,14.5,5.8,3.5,11.6,18.8,112.1,95.7,65.5,0.072,16.72,111.2,94.5,-0.8,-8.7,-1.8,-0.096,-10.45,-5.6,4.9,0.5,1.6,-3.7,0.062,0.1,0,0.008,-2.8,-2.8,0,-2.3,0.8,-1.6,1.3,1.1,-1.1,0.1,-4.5
1,9,16,mw,Houston,2,32,76.1,26.7,61.3,0.435,9.1,25.7,0.354,13.6,18.6,0.708,13.9,25.3,39.2,13.9,8,4.7,10.7,18,118.3,89.6,64.4,0.018,9.21,105.7,96.5,Syracuse,11,28,74.8,26.5,60.1,0.441,8.5,24.3,0.349,13.3,17,0.708,9.8,24.6,34.5,15,8.1,5,11.4,14.6,113.7,96.9,68.6,0.029,12.94,109.4,96.5,4.6,-7.3,-4.2,-0.011,-3.73,-3.7,0,1.3,0.2,1.2,-0.006,0.6,1.4,0.005,0.3,1.6,0,4.1,0.7,4.7,-1.1,-0.1,-0.3,-0.7,3.4
1,5,8,w,Gonzaga,1,32,91,33.7,61.4,0.549,7.5,20.4,0.368,16,21.9,0.708,8.6,27.4,36,18.8,7.9,2.8,12,16.3,126.4,89.9,73.8,0.022,11.35,108.1,96.8,USC,6,33,74.9,27.4,58.1,0.472,6.5,18,0.36,13.7,21.1,0.708,11.2,26.7,37.8,13.9,4.8,5.1,12.4,15.1,115.7,88.1,67,0.001,16.27,111.1,94.8,10.7,1.8,6.8,0.021,-4.92,-3,2,16.1,6.3,3.3,0.077,1,2.4,0.008,2.3,0.8,0,-2.6,0.7,-1.8,4.9,3.1,-2.3,-0.4,1.2
0,10,8,e,Michigan,1,28,75.8,27.5,57.1,0.482,7.4,19.3,0.381,13.3,17.3,0.708,8.7,27.6,36.3,15.8,4.3,4.2,11.3,14.7,117.6,87.9,66.6,0.007,16.44,111.7,95.3,UCLA,11,32,73.4,26.8,58,0.461,6.8,18.3,0.372,13.1,18.3,0.708,9.5,24.6,34.1,13.7,4.9,2.8,10.6,16.1,116.9,94.5,63.8,0.028,17.38,111.3,93.9,0.7,-6.6,2.8,-0.021,-0.94,0.4,1.4,2.4,0.7,-0.9,0.021,0.6,1,0.009,0.2,-1,0,-0.8,3,2.2,2.1,-0.6,1.4,0.7,-1.4
1,2,8,s,Baylor,1,30,82.9,30.6,62.9,0.486,10,24.1,0.413,11.8,16.7,0.708,11.9,22.4,34.3,16.9,8.9,3.7,11.5,17.1,125,91.1,67.4,0.046,13.25,108.7,95.5,Arkansas,3,32,81.4,29.2,64.7,0.451,7.3,21.9,0.332,15.7,21.2,0.74,11.5,26.9,38.4,14.6,7.8,4.9,12.9,16.9,111.1,89.6,72.6,0.064,12.69,109.4,96.7,13.9,1.5,-5.2,-0.018,0.56,-0.7,-1.2,1.5,1.4,-1.8,0.035,2.7,2.2,0.081,-3.9,-4.5,-0.032,0.4,-4.5,-4.1,2.3,1.1,-1.2,-1.4,0.2
1,10,8,mw,Houston,2,32,76.1,26.7,61.3,0.435,9.1,25.7,0.354,13.6,18.6,0.708,13.9,25.3,39.2,13.9,8,4.7,10.7,18,118.3,89.6,64.4,0.018,9.21,105.7,96.5,Oregon State,12,33,70.5,24.3,55.8,0.436,7,19.5,0.357,14.8,19.5,0.708,9.7,23.5,33.2,14.5,5.8,3.5,11.6,18.8,112.1,95.7,65.5,0.072,16.72,111.2,94.5,6.2,-6.1,-1.1,-0.054,-7.51,-5.5,2,5.6,2.4,5.5,-0.001,2.1,6.2,-0.003,-1.2,-0.9,0,4.2,1.8,6,-0.6,2.2,1.2,-0.9,-0.8
1,10,4,indianapolis,Gonzaga,1,32,91,33.7,61.4,0.549,7.5,20.4,0.368,16,21.9,0.708,8.6,27.4,36,18.8,7.9,2.8,12,16.3,126.4,89.9,73.8,0.022,11.35,108.1,96.8,UCLA,11,32,73.4,26.8,58,0.461,6.8,18.3,0.372,13.1,18.3,0.708,9.5,24.6,34.1,13.7,4.9,2.8,10.6,16.1,116.9,94.5,63.8,0.028,17.38,111.3,93.9,9.5,-4.6,10,-0.006,-6.03,-3.2,2.9,17.6,6.9,3.4,0.088,0.7,2.1,-0.004,2.9,3.6,0,-0.9,2.8,1.9,5.1,3,0,1.4,0.2
1,1,4,indianapolis,Baylor,1,30,82.9,30.6,62.9,0.486,10,24.1,0.413,11.8,16.7,0.708,11.9,22.4,34.3,16.9,8.9,3.7,11.5,17.1,125,91.1,67.4,0.046,13.25,108.7,95.5,Houston,2,32,76.1,26.7,61.3,0.435,9.1,25.7,0.354,13.6,18.6,0.708,13.9,25.3,39.2,13.9,8,4.7,10.7,18,118.3,89.6,64.4,0.018,9.21,105.7,96.5,6.7,1.5,3,0.028,4.04,3,-1,6.8,3.9,1.6,0.051,0.9,-1.6,0.059,-1.8,-1.9,0,-2,-2.9,-4.9,3,0.9,-1,0.8,-0.9
0,0,2,indianapolis,Gonzaga,1,32,91,33.7,61.4,0.549,7.5,20.4,0.368,16,21.9,0.708,8.6,27.4,36,18.8,7.9,2.8,12,16.3,126.4,89.9,73.8,0.022,11.35,108.1,96.8,Baylor,1,30,82.9,30.6,62.9,0.486,10,24.1,0.413,11.8,16.7,0.708,11.9,22.4,34.3,16.9,8.9,3.7,11.5,17.1,125,91.1,67.4,0.046,13.25,108.7,95.5,1.4,-1.2,6.4,-0.024,-1.9,-0.6,1.3,8.1,3.1,-1.5,0.063,-2.5,-3.7,-0.045,4.2,5.2,0,-3.3,5,1.7,1.9,-1,-0.9,0.5,-0.8
